tahun,nama_provinsi,nama_kabupaten/kota,nama_kecamatan,nama_kelurahan,jenis_kelamin,jumlah
2019,PROVINSI DKI JAKARTA,KAB.ADM.KEP.SERIBU,KEP. SERIBU UTR,P. PANGGANG,Laki-laki,2474
2019,PROVINSI DKI JAKARTA,KAB.ADM.KEP.SERIBU,KEP. SERIBU UTR,P. KELAPA,Laki-laki,2486
2019,PROVINSI DKI JAKARTA,KAB.ADM.KEP.SERIBU,KEP. SERIBU UTR,P. HARAPAN,Laki-laki,934
2019,PROVINSI DKI JAKARTA,KAB.ADM.KEP.SERIBU,KEP. SERIBU SLT,P. UNTUNG JAWA,Laki-laki,847
2019,PROVINSI DKI JAKARTA,KAB.ADM.KEP.SERIBU,KEP. SERIBU SLT,P. TIDUNG,Laki-laki,2038
2019,PROVINSI DKI JAKARTA,KAB.ADM.KEP.SERIBU,KEP. SERIBU SLT,P. PARI,Laki-laki,1248
2019,PROVINSI DKI JAKARTA,JAKARTA PUSAT,GAMBIR,GAMBIR,Laki-laki,1272
2019,PROVINSI DKI JAKARTA,JAKARTA PUSAT,GAMBIR,CIDENG,Laki-laki,7171
2019,PROVINSI DKI JAKARTA,JAKARTA PUSAT,GAMBIR,PETOJO UTARA,Laki-laki,8253
2019,PROVINSI DKI JAKARTA,JAKARTA PUSAT,GAMBIR,PETOJO SELATAN,Laki-laki,7116
2019,PROVINSI DKI JAKARTA,JAKARTA PUSAT,GAMBIR,KEBON KELAPA,Laki-laki,4928
2019,PROVINSI DKI JAKARTA,JAKARTA PUSAT,GAMBIR,DURI PULO,Laki-laki,9445
2019,PROVINSI DKI JAKARTA,JAKARTA PUSAT,SAWAH BESAR,PASAR BARU,Laki-laki,6175
2019,PROVINSI DKI JAKARTA,JAKARTA PUSAT,SAWAH BESAR,KARANG ANYAR,Laki-laki,12413
2019,PROVINSI DKI JAKARTA,JAKARTA PUSAT,SAWAH BESAR,KARTINI,Laki-laki,10543
2019,PROVINSI DKI JAKARTA,JAKARTA PUSAT,SAWAH BESAR,GUNUNG SAHARI UTARA,Laki-laki,7816
2019,PROVINSI DKI JAKARTA,JAKARTA PUSAT,SAWAH BESAR,MANGGA DUA SELATAN,Laki-laki,13474
2019,PROVINSI DKI JAKARTA,JAKARTA PUSAT,KEMAYORAN,KEMAYORAN,Laki-laki,9658
2019,PROVINSI DKI JAKARTA,JAKARTA PUSAT,KEMAYORAN,KEBON KOSONG,Laki-laki,13387
2019,PROVINSI DKI JAKARTA,JAKARTA PUSAT,KEMAYORAN,HARAPAN MULIA,Laki-laki,10589
2019,PROVINSI DKI JAKARTA,JAKARTA PUSAT,KEMAYORAN,SERDANG,Laki-laki,13617
2019,PROVINSI DKI JAKARTA,JAKARTA PUSAT,KEMAYORAN,GUNUNG SAHARI SELATAN,Laki-laki,9011
2019,PROVINSI DKI JAKARTA,JAKARTA PUSAT,KEMAYORAN,CEMPAKA BARU,Laki-laki,15170
2019,PROVINSI DKI JAKARTA,JAKARTA PUSAT,KEMAYORAN,SUMUR BATU,Laki-laki,10318
2019,PROVINSI DKI JAKARTA,JAKARTA PUSAT,KEMAYORAN,UTAN PANJANG,Laki-laki,13593
2019,PROVINSI DKI JAKARTA,JAKARTA PUSAT,SENEN,SENEN,Laki-laki,3220
2019,PROVINSI DKI JAKARTA,JAKARTA PUSAT,SENEN,KENARI,Laki-laki,4480
2019,PROVINSI DKI JAKARTA,JAKARTA PUSAT,SENEN,PASEBAN,Laki-laki,10908
2019,PROVINSI DKI JAKARTA,JAKARTA PUSAT,SENEN,KRAMAT,Laki-laki,13509
2019,PROVINSI DKI JAKARTA,JAKARTA PUSAT,SENEN,KWITANG,Laki-laki,7044
2019,PROVINSI DKI JAKARTA,JAKARTA PUSAT,SENEN,BUNGUR,Laki-laki,8603
2019,PROVINSI DKI JAKARTA,JAKARTA PUSAT,CEMPAKA PUTIH,CEMPAKA PUTIH TIMUR,Laki-laki,10913
2019,PROVINSI DKI JAKARTA,JAKARTA PUSAT,CEMPAKA PUTIH,CEMPAKA PUTIH BARAT,Laki-laki,16219
2019,PROVINSI DKI JAKARTA,JAKARTA PUSAT,CEMPAKA PUTIH,RAWASARI,Laki-laki,9871
2019,PROVINSI DKI JAKARTA,JAKARTA PUSAT,MENTENG,MENTENG,Laki-laki,11722
2019,PROVINSI DKI JAKARTA,JAKARTA PUSAT,MENTENG,PEGANGSAAN,Laki-laki,10771
2019,PROVINSI DKI JAKARTA,JAKARTA PUSAT,MENTENG,CIKINI,Laki-laki,3874
2019,PROVINSI DKI JAKARTA,JAKARTA PUSAT,MENTENG,GONDANGDIA,Laki-laki,1867
2019,PROVINSI DKI JAKARTA,JAKARTA PUSAT,MENTENG,KEBON SIRIH,Laki-laki,5958
2019,PROVINSI DKI JAKARTA,JAKARTA PUSAT,TANAH ABANG,GELORA,Laki-laki,1443
2019,PROVINSI DKI JAKARTA,JAKARTA PUSAT,TANAH ABANG,BENDUNGAN HILIR,Laki-laki,9959
2019,PROVINSI DKI JAKARTA,JAKARTA PUSAT,TANAH ABANG,KARET TENGSIN,Laki-laki,8835
2019,PROVINSI DKI JAKARTA,JAKARTA PUSAT,TANAH ABANG,PETAMBURAN,Laki-laki,15686
2019,PROVINSI DKI JAKARTA,JAKARTA PUSAT,TANAH ABANG,KEBON MELATI,Laki-laki,14924
2019,PROVINSI DKI JAKARTA,JAKARTA PUSAT,TANAH ABANG,KEBON KACANG,Laki-laki,10123
2019,PROVINSI DKI JAKARTA,JAKARTA PUSAT,TANAH ABANG,KAMPUNG BALI,Laki-laki,5329
2019,PROVINSI DKI JAKARTA,JAKARTA PUSAT,JOHAR BARU,JOHAR BARU,Laki-laki,16895
2019,PROVINSI DKI JAKARTA,JAKARTA PUSAT,JOHAR BARU,KAMPUNG RAWA,Laki-laki,9939
2019,PROVINSI DKI JAKARTA,JAKARTA PUSAT,JOHAR BARU,GALUR,Laki-laki,8571
2019,PROVINSI DKI JAKARTA,JAKARTA PUSAT,JOHAR BARU,TANAH TINGGI,Laki-laki,17529
2019,PROVINSI DKI JAKARTA,JAKARTA UTARA,PENJARINGAN,PENJARINGAN,Laki-laki,41264
2019,PROVINSI DKI JAKARTA,JAKARTA UTARA,PENJARINGAN,KAMAL MUARA,Laki-laki,5564
2019,PROVINSI DKI JAKARTA,JAKARTA UTARA,PENJARINGAN,KAPUK MUARA,Laki-laki,15956
2019,PROVINSI DKI JAKARTA,JAKARTA UTARA,PENJARINGAN,PEJAGALAN,Laki-laki,34150
2019,PROVINSI DKI JAKARTA,JAKARTA UTARA,PENJARINGAN,PLUIT,Laki-laki,21143
2019,PROVINSI DKI JAKARTA,JAKARTA UTARA,TANJUNG PRIOK,TANJUNG PRIOK,Laki-laki,16010
2019,PROVINSI DKI JAKARTA,JAKARTA UTARA,TANJUNG PRIOK,SUNTER JAYA,Laki-laki,28691
2019,PROVINSI DKI JAKARTA,JAKARTA UTARA,TANJUNG PRIOK,PAPANGGO,Laki-laki,17739
2019,PROVINSI DKI JAKARTA,JAKARTA UTARA,TANJUNG PRIOK,SUNGAI BAMBU,Laki-laki,13824
2019,PROVINSI DKI JAKARTA,JAKARTA UTARA,TANJUNG PRIOK,KEBON BAWANG,Laki-laki,23871
2019,PROVINSI DKI JAKARTA,JAKARTA UTARA,TANJUNG PRIOK,SUNTER AGUNG,Laki-laki,32373
2019,PROVINSI DKI JAKARTA,JAKARTA UTARA,TANJUNG PRIOK,WARAKAS,Laki-laki,20418
2019,PROVINSI DKI JAKARTA,JAKARTA UTARA,KOJA,KOJA,Laki-laki,13466
2019,PROVINSI DKI JAKARTA,JAKARTA UTARA,KOJA,TUGU UTARA,Laki-laki,30567
2019,PROVINSI DKI JAKARTA,JAKARTA UTARA,KOJA,LAGOA,Laki-laki,26707
2019,PROVINSI DKI JAKARTA,JAKARTA UTARA,KOJA,RAWA BADAK UTARA,Laki-laki,15938
2019,PROVINSI DKI JAKARTA,JAKARTA UTARA,KOJA,TUGU SELATAN,Laki-laki,17487
2019,PROVINSI DKI JAKARTA,JAKARTA UTARA,KOJA,RAWA BADAK SELATAN,Laki-laki,18982
2019,PROVINSI DKI JAKARTA,JAKARTA UTARA,CILINCING,CILINCING,Laki-laki,19518
2019,PROVINSI DKI JAKARTA,JAKARTA UTARA,CILINCING,SUKAPURA,Laki-laki,24567
2019,PROVINSI DKI JAKARTA,JAKARTA UTARA,CILINCING,MARUNDA,Laki-laki,12406
2019,PROVINSI DKI JAKARTA,JAKARTA UTARA,CILINCING,KALI BARU,Laki-laki,30453
2019,PROVINSI DKI JAKARTA,JAKARTA UTARA,CILINCING,SEMPER TIMUR,Laki-laki,16097
2019,PROVINSI DKI JAKARTA,JAKARTA UTARA,CILINCING,ROROTAN,Laki-laki,17631
2019,PROVINSI DKI JAKARTA,JAKARTA UTARA,CILINCING,SEMPER BARAT,Laki-laki,30871
2019,PROVINSI DKI JAKARTA,JAKARTA UTARA,PADEMANGAN,PADEMANGAN TIMUR,Laki-laki,16978
2019,PROVINSI DKI JAKARTA,JAKARTA UTARA,PADEMANGAN,PADEMANGAN BARAT,Laki-laki,34669
2019,PROVINSI DKI JAKARTA,JAKARTA UTARA,PADEMANGAN,ANCOL,Laki-laki,11362
2019,PROVINSI DKI JAKARTA,JAKARTA UTARA,KELAPA GADING,KELAPA GADING TIMUR,Laki-laki,14931
2019,PROVINSI DKI JAKARTA,JAKARTA UTARA,KELAPA GADING,PEGANGSAAN DUA,Laki-laki,22198
2019,PROVINSI DKI JAKARTA,JAKARTA UTARA,KELAPA GADING,KELAPA GADING BARAT,Laki-laki,15794
2019,PROVINSI DKI JAKARTA,JAKARTA BARAT,CENGKARENG,CENGKARENG BARAT,Laki-laki,29619
2019,PROVINSI DKI JAKARTA,JAKARTA BARAT,CENGKARENG,DURI KOSAMBI,Laki-laki,34458
2019,PROVINSI DKI JAKARTA,JAKARTA BARAT,CENGKARENG,RAWA BUAYA,Laki-laki,28694
2019,PROVINSI DKI JAKARTA,JAKARTA BARAT,CENGKARENG,KEDAUNG KALI ANGKE,Laki-laki,15040
2019,PROVINSI DKI JAKARTA,JAKARTA BARAT,CENGKARENG,KAPUK,Laki-laki,60917
2019,PROVINSI DKI JAKARTA,JAKARTA BARAT,CENGKARENG,CENGKARENG TIMUR,Laki-laki,36258
2019,PROVINSI DKI JAKARTA,JAKARTA BARAT,GROGOL PETAMBURAN,GROGOL,Laki-laki,7932
2019,PROVINSI DKI JAKARTA,JAKARTA BARAT,GROGOL PETAMBURAN,TANJUNG DUREN UTARA,Laki-laki,7596
2019,PROVINSI DKI JAKARTA,JAKARTA BARAT,GROGOL PETAMBURAN,TOMANG,Laki-laki,13811
2019,PROVINSI DKI JAKARTA,JAKARTA BARAT,GROGOL PETAMBURAN,JELAMBAR,Laki-laki,13838
2019,PROVINSI DKI JAKARTA,JAKARTA BARAT,GROGOL PETAMBURAN,TANJUNG DUREN SELATAN,Laki-laki,11435
2019,PROVINSI DKI JAKARTA,JAKARTA BARAT,GROGOL PETAMBURAN,JELAMBAR BARU,Laki-laki,17674
2019,PROVINSI DKI JAKARTA,JAKARTA BARAT,GROGOL PETAMBURAN,WIJAYA KUSUMA,Laki-laki,18322
2019,PROVINSI DKI JAKARTA,JAKARTA BARAT,TAMAN SARI,TAMAN SARI,Laki-laki,6688
2019,PROVINSI DKI JAKARTA,JAKARTA BARAT,TAMAN SARI,KRUKUT,Laki-laki,8958
2019,PROVINSI DKI JAKARTA,JAKARTA BARAT,TAMAN SARI,MAPHAR,Laki-laki,7743
2019,PROVINSI DKI JAKARTA,JAKARTA BARAT,TAMAN SARI,TANGKI,Laki-laki,6075
2019,PROVINSI DKI JAKARTA,JAKARTA BARAT,TAMAN SARI,MANGGA BESAR,Laki-laki,3533
2019,PROVINSI DKI JAKARTA,JAKARTA BARAT,TAMAN SARI,KEAGUNGAN,Laki-laki,8264
2019,PROVINSI DKI JAKARTA,JAKARTA BARAT,TAMAN SARI,GLODOK,Laki-laki,3595
2019,PROVINSI DKI JAKARTA,JAKARTA BARAT,TAMAN SARI,PINANGSIA,Laki-laki,5132
2019,PROVINSI DKI JAKARTA,JAKARTA BARAT,TAMBORA,TAMBORA,Laki-laki,4923
2019,PROVINSI DKI JAKARTA,JAKARTA BARAT,TAMBORA,KALI ANYAR,Laki-laki,11506
2019,PROVINSI DKI JAKARTA,JAKARTA BARAT,TAMBORA,DURI UTARA,Laki-laki,9235
2019,PROVINSI DKI JAKARTA,JAKARTA BARAT,TAMBORA,TANAH SEREAL,Laki-laki,12234
2019,PROVINSI DKI JAKARTA,JAKARTA BARAT,TAMBORA,KERENDANG,Laki-laki,9674
2019,PROVINSI DKI JAKARTA,JAKARTA BARAT,TAMBORA,JEMBATAN BESI,Laki-laki,14400
2019,PROVINSI DKI JAKARTA,JAKARTA BARAT,TAMBORA,ANGKE,Laki-laki,13921
2019,PROVINSI DKI JAKARTA,JAKARTA BARAT,TAMBORA,JEMBATAN LIMA,Laki-laki,9954
2019,PROVINSI DKI JAKARTA,JAKARTA BARAT,TAMBORA,PEKOJAN,Laki-laki,10904
2019,PROVINSI DKI JAKARTA,JAKARTA BARAT,TAMBORA,ROA MALAKA,Laki-laki,1632
2019,PROVINSI DKI JAKARTA,JAKARTA BARAT,TAMBORA,DURI SELATAN,Laki-laki,6624
2019,PROVINSI DKI JAKARTA,JAKARTA BARAT,KEBON JERUK,KEBON JERUK,Laki-laki,23821
2019,PROVINSI DKI JAKARTA,JAKARTA BARAT,KEBON JERUK,SUKABUMI UTARA,Laki-laki,17135
2019,PROVINSI DKI JAKARTA,JAKARTA BARAT,KEBON JERUK,SUKABUMI SELATAN,Laki-laki,16747
2019,PROVINSI DKI JAKARTA,JAKARTA BARAT,KEBON JERUK,KELAPA DUA,Laki-laki,10518
2019,PROVINSI DKI JAKARTA,JAKARTA BARAT,KEBON JERUK,DURI KEPA,Laki-laki,27207
2019,PROVINSI DKI JAKARTA,JAKARTA BARAT,KEBON JERUK,KEDOYA UTARA,Laki-laki,20788
2019,PROVINSI DKI JAKARTA,JAKARTA BARAT,KEBON JERUK,KEDOYA SELATAN,Laki-laki,14530
2019,PROVINSI DKI JAKARTA,JAKARTA BARAT,KALI DERES,KALIDERES,Laki-laki,32623
2019,PROVINSI DKI JAKARTA,JAKARTA BARAT,KALI DERES,SEMANAN,Laki-laki,31905
2019,PROVINSI DKI JAKARTA,JAKARTA BARAT,KALI DERES,TEGAL ALUR,Laki-laki,37397
2019,PROVINSI DKI JAKARTA,JAKARTA BARAT,KALI DERES,KAMAL,Laki-laki,23756
2019,PROVINSI DKI JAKARTA,JAKARTA BARAT,KALI DERES,PEGADUNGAN,Laki-laki,32831
2019,PROVINSI DKI JAKARTA,JAKARTA BARAT,PALMERAH,PALMERAH,Laki-laki,28743
2019,PROVINSI DKI JAKARTA,JAKARTA BARAT,PALMERAH,SLIPI,Laki-laki,7717
2019,PROVINSI DKI JAKARTA,JAKARTA BARAT,PALMERAH,KOTA BAMBU UTARA,Laki-laki,11456
2019,PROVINSI DKI JAKARTA,JAKARTA BARAT,PALMERAH,JATI PULO,Laki-laki,13203
2019,PROVINSI DKI JAKARTA,JAKARTA BARAT,PALMERAH,KEMANGGISAN,Laki-laki,14705
2019,PROVINSI DKI JAKARTA,JAKARTA BARAT,PALMERAH,KOTA BAMBU SELATAN,Laki-laki,9749
2019,PROVINSI DKI JAKARTA,JAKARTA BARAT,KEMBANGAN,KEMBANGAN UTARA,Laki-laki,24359
2019,PROVINSI DKI JAKARTA,JAKARTA BARAT,KEMBANGAN,MERUYA UTARA,Laki-laki,19526
2019,PROVINSI DKI JAKARTA,JAKARTA BARAT,KEMBANGAN,MERUYA SELATAN,Laki-laki,14023
2019,PROVINSI DKI JAKARTA,JAKARTA BARAT,KEMBANGAN,SRENGSENG,Laki-laki,20035
2019,PROVINSI DKI JAKARTA,JAKARTA BARAT,KEMBANGAN,JOGLO,Laki-laki,18006
2019,PROVINSI DKI JAKARTA,JAKARTA BARAT,KEMBANGAN,KEMBANGAN SELATAN,Laki-laki,12115
2019,PROVINSI DKI JAKARTA,JAKARTA SELATAN,TEBET,TEBET TIMUR,Laki-laki,8089
2019,PROVINSI DKI JAKARTA,JAKARTA SELATAN,TEBET,TEBET BARAT,Laki-laki,9542
2019,PROVINSI DKI JAKARTA,JAKARTA SELATAN,TEBET,MENTENG DALAM,Laki-laki,16520
2019,PROVINSI DKI JAKARTA,JAKARTA SELATAN,TEBET,KEBON BARU,Laki-laki,15804
2019,PROVINSI DKI JAKARTA,JAKARTA SELATAN,TEBET,BUKIT DURI,Laki-laki,15649
2019,PROVINSI DKI JAKARTA,JAKARTA SELATAN,TEBET,MANGGARAI SELATAN,Laki-laki,10524
2019,PROVINSI DKI JAKARTA,JAKARTA SELATAN,TEBET,MANGGARAI,Laki-laki,13137
2019,PROVINSI DKI JAKARTA,JAKARTA SELATAN,SETIA BUDI,SETIA BUDI,Laki-laki,1423
2019,PROVINSI DKI JAKARTA,JAKARTA SELATAN,SETIA BUDI,KARET SEMANGGI,Laki-laki,1273
2019,PROVINSI DKI JAKARTA,JAKARTA SELATAN,SETIA BUDI,KARET KUNINGAN,Laki-laki,7334
2019,PROVINSI DKI JAKARTA,JAKARTA SELATAN,SETIA BUDI,KARET,Laki-laki,4494
2019,PROVINSI DKI JAKARTA,JAKARTA SELATAN,SETIA BUDI,MENTENG ATAS,Laki-laki,12380
2019,PROVINSI DKI JAKARTA,JAKARTA SELATAN,SETIA BUDI,PASAR MANGGIS,Laki-laki,12325
2019,PROVINSI DKI JAKARTA,JAKARTA SELATAN,SETIA BUDI,GUNTUR,Laki-laki,1774
2019,PROVINSI DKI JAKARTA,JAKARTA SELATAN,SETIA BUDI,KUNINGAN TIMUR,Laki-laki,2779
2019,PROVINSI DKI JAKARTA,JAKARTA SELATAN,MAMPANG PRAPATAN,MAMPANG PRAPATAN,Laki-laki,8374
2019,PROVINSI DKI JAKARTA,JAKARTA SELATAN,MAMPANG PRAPATAN,BANGKA,Laki-laki,9870
2019,PROVINSI DKI JAKARTA,JAKARTA SELATAN,MAMPANG PRAPATAN,PELA MAMPANG,Laki-laki,19919
2019,PROVINSI DKI JAKARTA,JAKARTA SELATAN,MAMPANG PRAPATAN,TEGAL PARANG,Laki-laki,14767
2019,PROVINSI DKI JAKARTA,JAKARTA SELATAN,MAMPANG PRAPATAN,KUNINGAN BARAT,Laki-laki,5991
2019,PROVINSI DKI JAKARTA,JAKARTA SELATAN,PASAR MINGGU,PASAR MINGGU,Laki-laki,11202
2019,PROVINSI DKI JAKARTA,JAKARTA SELATAN,PASAR MINGGU,JATI PADANG,Laki-laki,16672
2019,PROVINSI DKI JAKARTA,JAKARTA SELATAN,PASAR MINGGU,CILANDAK TIMUR,Laki-laki,12020
2019,PROVINSI DKI JAKARTA,JAKARTA SELATAN,PASAR MINGGU,RAGUNAN,Laki-laki,17752
2019,PROVINSI DKI JAKARTA,JAKARTA SELATAN,PASAR MINGGU,PEJATEN TIMUR,Laki-laki,25994
2019,PROVINSI DKI JAKARTA,JAKARTA SELATAN,PASAR MINGGU,PEJATEN BARAT,Laki-laki,16651
2019,PROVINSI DKI JAKARTA,JAKARTA SELATAN,PASAR MINGGU,KEBAGUSAN,Laki-laki,19635
2019,PROVINSI DKI JAKARTA,JAKARTA SELATAN,KEBAYORAN LAMA,KEBAYORAN LAMA UTARA,Laki-laki,19513
2019,PROVINSI DKI JAKARTA,JAKARTA SELATAN,KEBAYORAN LAMA,PONDOK PINANG,Laki-laki,24991
2019,PROVINSI DKI JAKARTA,JAKARTA SELATAN,KEBAYORAN LAMA,CIPULIR,Laki-laki,17914
2019,PROVINSI DKI JAKARTA,JAKARTA SELATAN,KEBAYORAN LAMA,GROGOL UTARA,Laki-laki,19593
2019,PROVINSI DKI JAKARTA,JAKARTA SELATAN,KEBAYORAN LAMA,GROGOL SELATAN,Laki-laki,20091
2019,PROVINSI DKI JAKARTA,JAKARTA SELATAN,KEBAYORAN LAMA,KEBAYORAN LAMA SELATAN,Laki-laki,18685
2019,PROVINSI DKI JAKARTA,JAKARTA SELATAN,CILANDAK,CILANDAK BARAT,Laki-laki,23176
2019,PROVINSI DKI JAKARTA,JAKARTA SELATAN,CILANDAK,LEBAK BULUS,Laki-laki,16498
2019,PROVINSI DKI JAKARTA,JAKARTA SELATAN,CILANDAK,PONDOK LABU,Laki-laki,20017
2019,PROVINSI DKI JAKARTA,JAKARTA SELATAN,CILANDAK,GANDARIA SELATAN,Laki-laki,9847
2019,PROVINSI DKI JAKARTA,JAKARTA SELATAN,CILANDAK,CIPETE SELATAN,Laki-laki,12076
2019,PROVINSI DKI JAKARTA,JAKARTA SELATAN,KEBAYORAN BARU,MELAWAI,Laki-laki,1240
2019,PROVINSI DKI JAKARTA,JAKARTA SELATAN,KEBAYORAN BARU,GUNUNG,Laki-laki,4280
2019,PROVINSI DKI JAKARTA,JAKARTA SELATAN,KEBAYORAN BARU,KRAMAT PELA,Laki-laki,6681
2019,PROVINSI DKI JAKARTA,JAKARTA SELATAN,KEBAYORAN BARU,SELONG,Laki-laki,1325
2019,PROVINSI DKI JAKARTA,JAKARTA SELATAN,KEBAYORAN BARU,RAWA BARAT,Laki-laki,2569
2019,PROVINSI DKI JAKARTA,JAKARTA SELATAN,KEBAYORAN BARU,SENAYAN,Laki-laki,1336
2019,PROVINSI DKI JAKARTA,JAKARTA SELATAN,KEBAYORAN BARU,PULO,Laki-laki,2556
2019,PROVINSI DKI JAKARTA,JAKARTA SELATAN,KEBAYORAN BARU,PETOGOGAN,Laki-laki,5433
2019,PROVINSI DKI JAKARTA,JAKARTA SELATAN,KEBAYORAN BARU,GANDARIA UTARA,Laki-laki,17935
2019,PROVINSI DKI JAKARTA,JAKARTA SELATAN,KEBAYORAN BARU,CIPETE UTARA,Laki-laki,15482
2019,PROVINSI DKI JAKARTA,JAKARTA SELATAN,PANCORAN,PANCORAN,Laki-laki,8745
2019,PROVINSI DKI JAKARTA,JAKARTA SELATAN,PANCORAN,KALIBATA,Laki-laki,18772
2019,PROVINSI DKI JAKARTA,JAKARTA SELATAN,PANCORAN,RAWA JATI,Laki-laki,9182
2019,PROVINSI DKI JAKARTA,JAKARTA SELATAN,PANCORAN,DUREN TIGA,Laki-laki,12710
2019,PROVINSI DKI JAKARTA,JAKARTA SELATAN,PANCORAN,PENGADEGAN,Laki-laki,9560
2019,PROVINSI DKI JAKARTA,JAKARTA SELATAN,PANCORAN,CIKOKO,Laki-laki,4822
2019,PROVINSI DKI JAKARTA,JAKARTA SELATAN,JAGAKARSA,JAGAKARSA,Laki-laki,27234
2019,PROVINSI DKI JAKARTA,JAKARTA SELATAN,JAGAKARSA,SRENGSENG SAWAH,Laki-laki,25740
2019,PROVINSI DKI JAKARTA,JAKARTA SELATAN,JAGAKARSA,CIGANJUR,Laki-laki,16726
2019,PROVINSI DKI JAKARTA,JAKARTA SELATAN,JAGAKARSA,LENTENG AGUNG,Laki-laki,23727
2019,PROVINSI DKI JAKARTA,JAKARTA SELATAN,JAGAKARSA,TANJUNG BARAT,Laki-laki,17502
2019,PROVINSI DKI JAKARTA,JAKARTA SELATAN,JAGAKARSA,CIPEDAK,Laki-laki,16410
2019,PROVINSI DKI JAKARTA,JAKARTA SELATAN,PESANGGRAHAN,PESANGGRAHAN,Laki-laki,12310
2019,PROVINSI DKI JAKARTA,JAKARTA SELATAN,PESANGGRAHAN,BINTARO,Laki-laki,23337
2019,PROVINSI DKI JAKARTA,JAKARTA SELATAN,PESANGGRAHAN,PETUKANGAN UTARA,Laki-laki,23563
2019,PROVINSI DKI JAKARTA,JAKARTA SELATAN,PESANGGRAHAN,PETUKANGAN SELATAN,Laki-laki,16406
2019,PROVINSI DKI JAKARTA,JAKARTA SELATAN,PESANGGRAHAN,ULUJAMI,Laki-laki,18200
2019,PROVINSI DKI JAKARTA,JAKARTA TIMUR,MATRAMAN,PISANGAN BARU,Laki-laki,14386
2019,PROVINSI DKI JAKARTA,JAKARTA TIMUR,MATRAMAN,UTAN KAYU UTARA,Laki-laki,12768
2019,PROVINSI DKI JAKARTA,JAKARTA TIMUR,MATRAMAN,KAYU MANIS,Laki-laki,11446
2019,PROVINSI DKI JAKARTA,JAKARTA TIMUR,MATRAMAN,PAL MERIAM,Laki-laki,9249
2019,PROVINSI DKI JAKARTA,JAKARTA TIMUR,MATRAMAN,KEBON MANGGIS,Laki-laki,7691
2019,PROVINSI DKI JAKARTA,JAKARTA TIMUR,MATRAMAN,UTAN KAYU SELATAN,Laki-laki,14948
2019,PROVINSI DKI JAKARTA,JAKARTA TIMUR,PULO GADUNG,PULO GADUNG,Laki-laki,15950
2019,PROVINSI DKI JAKARTA,JAKARTA TIMUR,PULO GADUNG,PISANGAN TIMUR,Laki-laki,18478
2019,PROVINSI DKI JAKARTA,JAKARTA TIMUR,PULO GADUNG,CIPINANG,Laki-laki,17921
2019,PROVINSI DKI JAKARTA,JAKARTA TIMUR,PULO GADUNG,JATINEGARA KAUM,Laki-laki,11327
2019,PROVINSI DKI JAKARTA,JAKARTA TIMUR,PULO GADUNG,RAWAMANGUN,Laki-laki,16969
2019,PROVINSI DKI JAKARTA,JAKARTA TIMUR,PULO GADUNG,KAYU PUTIH,Laki-laki,18276
2019,PROVINSI DKI JAKARTA,JAKARTA TIMUR,PULO GADUNG,JATI,Laki-laki,14638
2019,PROVINSI DKI JAKARTA,JAKARTA TIMUR,JATINEGARA,KAMPUNG MELAYU,Laki-laki,11693
2019,PROVINSI DKI JAKARTA,JAKARTA TIMUR,JATINEGARA,BIDARA CINA,Laki-laki,16730
2019,PROVINSI DKI JAKARTA,JAKARTA TIMUR,JATINEGARA,BALI MESTER,Laki-laki,4525
2019,PROVINSI DKI JAKARTA,JAKARTA TIMUR,JATINEGARA,RAWA BUNGA,Laki-laki,9708
2019,PROVINSI DKI JAKARTA,JAKARTA TIMUR,JATINEGARA,CIPINANG CEMPEDAK,Laki-laki,14862
2019,PROVINSI DKI JAKARTA,JAKARTA TIMUR,JATINEGARA,CIPINANG MUARA,Laki-laki,24949
2019,PROVINSI DKI JAKARTA,JAKARTA TIMUR,JATINEGARA,CIPINANG BESAR SELATAN,Laki-laki,15954
2019,PROVINSI DKI JAKARTA,JAKARTA TIMUR,JATINEGARA,CIPINANG BESAR UTARA,Laki-laki,21773
2019,PROVINSI DKI JAKARTA,JAKARTA TIMUR,KRAMAT JATI,KRAMAT JATI,Laki-laki,15619
2019,PROVINSI DKI JAKARTA,JAKARTA TIMUR,KRAMAT JATI,KAMPUNG TENGAH,Laki-laki,19652
2019,PROVINSI DKI JAKARTA,JAKARTA TIMUR,KRAMAT JATI,DUKUH,Laki-laki,10818
2019,PROVINSI DKI JAKARTA,JAKARTA TIMUR,KRAMAT JATI,BATU AMPAR,Laki-laki,20931
2019,PROVINSI DKI JAKARTA,JAKARTA TIMUR,KRAMAT JATI,BALE KAMBANG,Laki-laki,12840
2019,PROVINSI DKI JAKARTA,JAKARTA TIMUR,KRAMAT JATI,CILILITAN,Laki-laki,18170
2019,PROVINSI DKI JAKARTA,JAKARTA TIMUR,KRAMAT JATI,CAWANG,Laki-laki,15072
2019,PROVINSI DKI JAKARTA,JAKARTA TIMUR,PASAR REBO,GEDONG,Laki-laki,15974
2019,PROVINSI DKI JAKARTA,JAKARTA TIMUR,PASAR REBO,BARU,Laki-laki,10722
2019,PROVINSI DKI JAKARTA,JAKARTA TIMUR,PASAR REBO,CIJANTUNG,Laki-laki,18512
2019,PROVINSI DKI JAKARTA,JAKARTA TIMUR,PASAR REBO,KALISARI,Laki-laki,19158
2019,PROVINSI DKI JAKARTA,JAKARTA TIMUR,PASAR REBO,PEKAYON,Laki-laki,19519
2019,PROVINSI DKI JAKARTA,JAKARTA TIMUR,CAKUNG,JATINEGARA,Laki-laki,38458
2019,PROVINSI DKI JAKARTA,JAKARTA TIMUR,CAKUNG,RAWA TERATE,Laki-laki,11694
2019,PROVINSI DKI JAKARTA,JAKARTA TIMUR,CAKUNG,PENGGILINGAN,Laki-laki,43421
2019,PROVINSI DKI JAKARTA,JAKARTA TIMUR,CAKUNG,CAKUNG TIMUR,Laki-laki,26315
2019,PROVINSI DKI JAKARTA,JAKARTA TIMUR,CAKUNG,PULO GEBANG,Laki-laki,42423
2019,PROVINSI DKI JAKARTA,JAKARTA TIMUR,CAKUNG,UJUNG MENTENG,Laki-laki,13217
2019,PROVINSI DKI JAKARTA,JAKARTA TIMUR,CAKUNG,CAKUNG BARAT,Laki-laki,25934
2019,PROVINSI DKI JAKARTA,JAKARTA TIMUR,DUREN SAWIT,DUREN SAWIT,Laki-laki,27081
2019,PROVINSI DKI JAKARTA,JAKARTA TIMUR,DUREN SAWIT,PONDOK BAMBU,Laki-laki,27638
2019,PROVINSI DKI JAKARTA,JAKARTA TIMUR,DUREN SAWIT,KLENDER,Laki-laki,31422
2019,PROVINSI DKI JAKARTA,JAKARTA TIMUR,DUREN SAWIT,PONDOK KELAPA,Laki-laki,31555
2019,PROVINSI DKI JAKARTA,JAKARTA TIMUR,DUREN SAWIT,MALAKA SARI,Laki-laki,12030
2019,PROVINSI DKI JAKARTA,JAKARTA TIMUR,DUREN SAWIT,MALAKA JAYA,Laki-laki,13459
2019,PROVINSI DKI JAKARTA,JAKARTA TIMUR,DUREN SAWIT,PONDOK KOPI,Laki-laki,15833
2019,PROVINSI DKI JAKARTA,JAKARTA TIMUR,MAKASAR,MAKASAR,Laki-laki,15592
2019,PROVINSI DKI JAKARTA,JAKARTA TIMUR,MAKASAR,PINANG RANTI,Laki-laki,12023
2019,PROVINSI DKI JAKARTA,JAKARTA TIMUR,MAKASAR,KEBON PALA,Laki-laki,21322
2019,PROVINSI DKI JAKARTA,JAKARTA TIMUR,MAKASAR,HALIM PERDANA KUSUMAH,Laki-laki,13103
2019,PROVINSI DKI JAKARTA,JAKARTA TIMUR,MAKASAR,CIPINANG MELAYU,Laki-laki,19120
2019,PROVINSI DKI JAKARTA,JAKARTA TIMUR,CIRACAS,CIRACAS,Laki-laki,28906
2019,PROVINSI DKI JAKARTA,JAKARTA TIMUR,CIRACAS,CIBUBUR,Laki-laki,28991
2019,PROVINSI DKI JAKARTA,JAKARTA TIMUR,CIRACAS,KELAPA DUA WETAN,Laki-laki,20421
2019,PROVINSI DKI JAKARTA,JAKARTA TIMUR,CIRACAS,SUSUKAN,Laki-laki,17077
2019,PROVINSI DKI JAKARTA,JAKARTA TIMUR,CIRACAS,RAMBUTAN,Laki-laki,16503
2019,PROVINSI DKI JAKARTA,JAKARTA TIMUR,CIPAYUNG,CIPAYUNG,Laki-laki,11987
2019,PROVINSI DKI JAKARTA,JAKARTA TIMUR,CIPAYUNG,CILANGKAP,Laki-laki,12073
2019,PROVINSI DKI JAKARTA,JAKARTA TIMUR,CIPAYUNG,PONDOK RANGGON,Laki-laki,10914
2019,PROVINSI DKI JAKARTA,JAKARTA TIMUR,CIPAYUNG,MUNJUL,Laki-laki,10439
2019,PROVINSI DKI JAKARTA,JAKARTA TIMUR,CIPAYUNG,SETU,Laki-laki,8855
2019,PROVINSI DKI JAKARTA,JAKARTA TIMUR,CIPAYUNG,BAMBU APUS,Laki-laki,11540
2019,PROVINSI DKI JAKARTA,JAKARTA TIMUR,CIPAYUNG,LUBANG BUAYA,Laki-laki,27945
2019,PROVINSI DKI JAKARTA,JAKARTA TIMUR,CIPAYUNG,CEGER,Laki-laki,8392
2019,PROVINSI DKI JAKARTA,KAB.ADM.KEP.SERIBU,KEP. SERIBU UTR,P. PANGGANG,Perempuan,2404
2019,PROVINSI DKI JAKARTA,KAB.ADM.KEP.SERIBU,KEP. SERIBU UTR,P. KELAPA,Perempuan,2441
2019,PROVINSI DKI JAKARTA,KAB.ADM.KEP.SERIBU,KEP. SERIBU UTR,P. HARAPAN,Perempuan,928
2019,PROVINSI DKI JAKARTA,KAB.ADM.KEP.SERIBU,KEP. SERIBU SLT,P. UNTUNG JAWA,Perempuan,853
2019,PROVINSI DKI JAKARTA,KAB.ADM.KEP.SERIBU,KEP. SERIBU SLT,P. TIDUNG,Perempuan,2027
2019,PROVINSI DKI JAKARTA,KAB.ADM.KEP.SERIBU,KEP. SERIBU SLT,P. PARI,Perempuan,1198
2019,PROVINSI DKI JAKARTA,JAKARTA PUSAT,GAMBIR,GAMBIR,Perempuan,1199
2019,PROVINSI DKI JAKARTA,JAKARTA PUSAT,GAMBIR,CIDENG,Perempuan,7576
2019,PROVINSI DKI JAKARTA,JAKARTA PUSAT,GAMBIR,PETOJO UTARA,Perempuan,8344
2019,PROVINSI DKI JAKARTA,JAKARTA PUSAT,GAMBIR,PETOJO SELATAN,Perempuan,6776
2019,PROVINSI DKI JAKARTA,JAKARTA PUSAT,GAMBIR,KEBON KELAPA,Perempuan,4882
2019,PROVINSI DKI JAKARTA,JAKARTA PUSAT,GAMBIR,DURI PULO,Perempuan,9230
2019,PROVINSI DKI JAKARTA,JAKARTA PUSAT,SAWAH BESAR,PASAR BARU,Perempuan,6391
2019,PROVINSI DKI JAKARTA,JAKARTA PUSAT,SAWAH BESAR,KARANG ANYAR,Perempuan,12336
2019,PROVINSI DKI JAKARTA,JAKARTA PUSAT,SAWAH BESAR,KARTINI,Perempuan,10859
2019,PROVINSI DKI JAKARTA,JAKARTA PUSAT,SAWAH BESAR,GUNUNG SAHARI UTARA,Perempuan,8270
2019,PROVINSI DKI JAKARTA,JAKARTA PUSAT,SAWAH BESAR,MANGGA DUA SELATAN,Perempuan,13053
2019,PROVINSI DKI JAKARTA,JAKARTA PUSAT,KEMAYORAN,KEMAYORAN,Perempuan,9641
2019,PROVINSI DKI JAKARTA,JAKARTA PUSAT,KEMAYORAN,KEBON KOSONG,Perempuan,13674
2019,PROVINSI DKI JAKARTA,JAKARTA PUSAT,KEMAYORAN,HARAPAN MULIA,Perempuan,10549
2019,PROVINSI DKI JAKARTA,JAKARTA PUSAT,KEMAYORAN,SERDANG,Perempuan,13963
2019,PROVINSI DKI JAKARTA,JAKARTA PUSAT,KEMAYORAN,GUNUNG SAHARI SELATAN,Perempuan,9115
2019,PROVINSI DKI JAKARTA,JAKARTA PUSAT,KEMAYORAN,CEMPAKA BARU,Perempuan,15425
2019,PROVINSI DKI JAKARTA,JAKARTA PUSAT,KEMAYORAN,SUMUR BATU,Perempuan,10790
2019,PROVINSI DKI JAKARTA,JAKARTA PUSAT,KEMAYORAN,UTAN PANJANG,Perempuan,13152
2019,PROVINSI DKI JAKARTA,JAKARTA PUSAT,SENEN,SENEN,Perempuan,3114
2019,PROVINSI DKI JAKARTA,JAKARTA PUSAT,SENEN,KENARI,Perempuan,4443
2019,PROVINSI DKI JAKARTA,JAKARTA PUSAT,SENEN,PASEBAN,Perempuan,11102
2019,PROVINSI DKI JAKARTA,JAKARTA PUSAT,SENEN,KRAMAT,Perempuan,13082
2019,PROVINSI DKI JAKARTA,JAKARTA PUSAT,SENEN,KWITANG,Perempuan,7195
2019,PROVINSI DKI JAKARTA,JAKARTA PUSAT,SENEN,BUNGUR,Perempuan,8513
2019,PROVINSI DKI JAKARTA,JAKARTA PUSAT,CEMPAKA PUTIH,CEMPAKA PUTIH TIMUR,Perempuan,11365
2019,PROVINSI DKI JAKARTA,JAKARTA PUSAT,CEMPAKA PUTIH,CEMPAKA PUTIH BARAT,Perempuan,16555
2019,PROVINSI DKI JAKARTA,JAKARTA PUSAT,CEMPAKA PUTIH,RAWASARI,Perempuan,10344
2019,PROVINSI DKI JAKARTA,JAKARTA PUSAT,MENTENG,MENTENG,Perempuan,11864
2019,PROVINSI DKI JAKARTA,JAKARTA PUSAT,MENTENG,PEGANGSAAN,Perempuan,10828
2019,PROVINSI DKI JAKARTA,JAKARTA PUSAT,MENTENG,CIKINI,Perempuan,3933
2019,PROVINSI DKI JAKARTA,JAKARTA PUSAT,MENTENG,GONDANGDIA,Perempuan,2075
2019,PROVINSI DKI JAKARTA,JAKARTA PUSAT,MENTENG,KEBON SIRIH,Perempuan,5692
2019,PROVINSI DKI JAKARTA,JAKARTA PUSAT,TANAH ABANG,GELORA,Perempuan,1496
2019,PROVINSI DKI JAKARTA,JAKARTA PUSAT,TANAH ABANG,BENDUNGAN HILIR,Perempuan,10268
2019,PROVINSI DKI JAKARTA,JAKARTA PUSAT,TANAH ABANG,KARET TENGSIN,Perempuan,8720
2019,PROVINSI DKI JAKARTA,JAKARTA PUSAT,TANAH ABANG,PETAMBURAN,Perempuan,15181
2019,PROVINSI DKI JAKARTA,JAKARTA PUSAT,TANAH ABANG,KEBON MELATI,Perempuan,14417
2019,PROVINSI DKI JAKARTA,JAKARTA PUSAT,TANAH ABANG,KEBON KACANG,Perempuan,10135
2019,PROVINSI DKI JAKARTA,JAKARTA PUSAT,TANAH ABANG,KAMPUNG BALI,Perempuan,5459
2019,PROVINSI DKI JAKARTA,JAKARTA PUSAT,JOHAR BARU,JOHAR BARU,Perempuan,17311
2019,PROVINSI DKI JAKARTA,JAKARTA PUSAT,JOHAR BARU,KAMPUNG RAWA,Perempuan,9719
2019,PROVINSI DKI JAKARTA,JAKARTA PUSAT,JOHAR BARU,GALUR,Perempuan,8230
2019,PROVINSI DKI JAKARTA,JAKARTA PUSAT,JOHAR BARU,TANAH TINGGI,Perempuan,17138
2019,PROVINSI DKI JAKARTA,JAKARTA UTARA,PENJARINGAN,PENJARINGAN,Perempuan,38152
2019,PROVINSI DKI JAKARTA,JAKARTA UTARA,PENJARINGAN,KAMAL MUARA,Perempuan,5474
2019,PROVINSI DKI JAKARTA,JAKARTA UTARA,PENJARINGAN,KAPUK MUARA,Perempuan,15859
2019,PROVINSI DKI JAKARTA,JAKARTA UTARA,PENJARINGAN,PEJAGALAN,Perempuan,34289
2019,PROVINSI DKI JAKARTA,JAKARTA UTARA,PENJARINGAN,PLUIT,Perempuan,22572
2019,PROVINSI DKI JAKARTA,JAKARTA UTARA,TANJUNG PRIOK,TANJUNG PRIOK,Perempuan,15882
2019,PROVINSI DKI JAKARTA,JAKARTA UTARA,TANJUNG PRIOK,SUNTER JAYA,Perempuan,28589
2019,PROVINSI DKI JAKARTA,JAKARTA UTARA,TANJUNG PRIOK,PAPANGGO,Perempuan,17470
2019,PROVINSI DKI JAKARTA,JAKARTA UTARA,TANJUNG PRIOK,SUNGAI BAMBU,Perempuan,13582
2019,PROVINSI DKI JAKARTA,JAKARTA UTARA,TANJUNG PRIOK,KEBON BAWANG,Perempuan,23219
2019,PROVINSI DKI JAKARTA,JAKARTA UTARA,TANJUNG PRIOK,SUNTER AGUNG,Perempuan,33440
2019,PROVINSI DKI JAKARTA,JAKARTA UTARA,TANJUNG PRIOK,WARAKAS,Perempuan,20114
2019,PROVINSI DKI JAKARTA,JAKARTA UTARA,KOJA,KOJA,Perempuan,12485
2019,PROVINSI DKI JAKARTA,JAKARTA UTARA,KOJA,TUGU UTARA,Perempuan,30553
2019,PROVINSI DKI JAKARTA,JAKARTA UTARA,KOJA,LAGOA,Perempuan,26743
2019,PROVINSI DKI JAKARTA,JAKARTA UTARA,KOJA,RAWA BADAK UTARA,Perempuan,15342
2019,PROVINSI DKI JAKARTA,JAKARTA UTARA,KOJA,TUGU SELATAN,Perempuan,17168
2019,PROVINSI DKI JAKARTA,JAKARTA UTARA,KOJA,RAWA BADAK SELATAN,Perempuan,18716
2019,PROVINSI DKI JAKARTA,JAKARTA UTARA,CILINCING,CILINCING,Perempuan,19077
2019,PROVINSI DKI JAKARTA,JAKARTA UTARA,CILINCING,SUKAPURA,Perempuan,25147
2019,PROVINSI DKI JAKARTA,JAKARTA UTARA,CILINCING,MARUNDA,Perempuan,12134
2019,PROVINSI DKI JAKARTA,JAKARTA UTARA,CILINCING,KALI BARU,Perempuan,29812
2019,PROVINSI DKI JAKARTA,JAKARTA UTARA,CILINCING,SEMPER TIMUR,Perempuan,16083
2019,PROVINSI DKI JAKARTA,JAKARTA UTARA,CILINCING,ROROTAN,Perempuan,17585
2019,PROVINSI DKI JAKARTA,JAKARTA UTARA,CILINCING,SEMPER BARAT,Perempuan,30867
2019,PROVINSI DKI JAKARTA,JAKARTA UTARA,PADEMANGAN,PADEMANGAN TIMUR,Perempuan,17390
2019,PROVINSI DKI JAKARTA,JAKARTA UTARA,PADEMANGAN,PADEMANGAN BARAT,Perempuan,33277
2019,PROVINSI DKI JAKARTA,JAKARTA UTARA,PADEMANGAN,ANCOL,Perempuan,10517
2019,PROVINSI DKI JAKARTA,JAKARTA UTARA,KELAPA GADING,KELAPA GADING TIMUR,Perempuan,16590
2019,PROVINSI DKI JAKARTA,JAKARTA UTARA,KELAPA GADING,PEGANGSAAN DUA,Perempuan,23497
2019,PROVINSI DKI JAKARTA,JAKARTA UTARA,KELAPA GADING,KELAPA GADING BARAT,Perempuan,16719
2019,PROVINSI DKI JAKARTA,JAKARTA BARAT,CENGKARENG,CENGKARENG BARAT,Perempuan,29732
2019,PROVINSI DKI JAKARTA,JAKARTA BARAT,CENGKARENG,DURI KOSAMBI,Perempuan,34481
2019,PROVINSI DKI JAKARTA,JAKARTA BARAT,CENGKARENG,RAWA BUAYA,Perempuan,28132
2019,PROVINSI DKI JAKARTA,JAKARTA BARAT,CENGKARENG,KEDAUNG KALI ANGKE,Perempuan,14531
2019,PROVINSI DKI JAKARTA,JAKARTA BARAT,CENGKARENG,KAPUK,Perempuan,58878
2019,PROVINSI DKI JAKARTA,JAKARTA BARAT,CENGKARENG,CENGKARENG TIMUR,Perempuan,36066
2019,PROVINSI DKI JAKARTA,JAKARTA BARAT,GROGOL PETAMBURAN,GROGOL,Perempuan,8083
2019,PROVINSI DKI JAKARTA,JAKARTA BARAT,GROGOL PETAMBURAN,TANJUNG DUREN UTARA,Perempuan,8352
2019,PROVINSI DKI JAKARTA,JAKARTA BARAT,GROGOL PETAMBURAN,TOMANG,Perempuan,13983
2019,PROVINSI DKI JAKARTA,JAKARTA BARAT,GROGOL PETAMBURAN,JELAMBAR,Perempuan,14441
2019,PROVINSI DKI JAKARTA,JAKARTA BARAT,GROGOL PETAMBURAN,TANJUNG DUREN SELATAN,Perempuan,12143
2019,PROVINSI DKI JAKARTA,JAKARTA BARAT,GROGOL PETAMBURAN,JELAMBAR BARU,Perempuan,17942
2019,PROVINSI DKI JAKARTA,JAKARTA BARAT,GROGOL PETAMBURAN,WIJAYA KUSUMA,Perempuan,17763
2019,PROVINSI DKI JAKARTA,JAKARTA BARAT,TAMAN SARI,TAMAN SARI,Perempuan,6943
2019,PROVINSI DKI JAKARTA,JAKARTA BARAT,TAMAN SARI,KRUKUT,Perempuan,9027
2019,PROVINSI DKI JAKARTA,JAKARTA BARAT,TAMAN SARI,MAPHAR,Perempuan,7782
2019,PROVINSI DKI JAKARTA,JAKARTA BARAT,TAMAN SARI,TANGKI,Perempuan,6357
2019,PROVINSI DKI JAKARTA,JAKARTA BARAT,TAMAN SARI,MANGGA BESAR,Perempuan,3725
2019,PROVINSI DKI JAKARTA,JAKARTA BARAT,TAMAN SARI,KEAGUNGAN,Perempuan,7965
2019,PROVINSI DKI JAKARTA,JAKARTA BARAT,TAMAN SARI,GLODOK,Perempuan,3863
2019,PROVINSI DKI JAKARTA,JAKARTA BARAT,TAMAN SARI,PINANGSIA,Perempuan,4952
2019,PROVINSI DKI JAKARTA,JAKARTA BARAT,TAMBORA,TAMBORA,Perempuan,4771
2019,PROVINSI DKI JAKARTA,JAKARTA BARAT,TAMBORA,KALI ANYAR,Perempuan,10638
2019,PROVINSI DKI JAKARTA,JAKARTA BARAT,TAMBORA,DURI UTARA,Perempuan,9045
2019,PROVINSI DKI JAKARTA,JAKARTA BARAT,TAMBORA,TANAH SEREAL,Perempuan,12271
2019,PROVINSI DKI JAKARTA,JAKARTA BARAT,TAMBORA,KERENDANG,Perempuan,8919
2019,PROVINSI DKI JAKARTA,JAKARTA BARAT,TAMBORA,JEMBATAN BESI,Perempuan,13113
2019,PROVINSI DKI JAKARTA,JAKARTA BARAT,TAMBORA,ANGKE,Perempuan,13342
2019,PROVINSI DKI JAKARTA,JAKARTA BARAT,TAMBORA,JEMBATAN LIMA,Perempuan,9604
2019,PROVINSI DKI JAKARTA,JAKARTA BARAT,TAMBORA,PEKOJAN,Perempuan,11008
2019,PROVINSI DKI JAKARTA,JAKARTA BARAT,TAMBORA,ROA MALAKA,Perempuan,1680
2019,PROVINSI DKI JAKARTA,JAKARTA BARAT,TAMBORA,DURI SELATAN,Perempuan,6683
2019,PROVINSI DKI JAKARTA,JAKARTA BARAT,KEBON JERUK,KEBON JERUK,Perempuan,24232
2019,PROVINSI DKI JAKARTA,JAKARTA BARAT,KEBON JERUK,SUKABUMI UTARA,Perempuan,17369
2019,PROVINSI DKI JAKARTA,JAKARTA BARAT,KEBON JERUK,SUKABUMI SELATAN,Perempuan,16556
2019,PROVINSI DKI JAKARTA,JAKARTA BARAT,KEBON JERUK,KELAPA DUA,Perempuan,10725
2019,PROVINSI DKI JAKARTA,JAKARTA BARAT,KEBON JERUK,DURI KEPA,Perempuan,27785
2019,PROVINSI DKI JAKARTA,JAKARTA BARAT,KEBON JERUK,KEDOYA UTARA,Perempuan,20782
2019,PROVINSI DKI JAKARTA,JAKARTA BARAT,KEBON JERUK,KEDOYA SELATAN,Perempuan,14664
2019,PROVINSI DKI JAKARTA,JAKARTA BARAT,KALI DERES,KALIDERES,Perempuan,32354
2019,PROVINSI DKI JAKARTA,JAKARTA BARAT,KALI DERES,SEMANAN,Perempuan,31086
2019,PROVINSI DKI JAKARTA,JAKARTA BARAT,KALI DERES,TEGAL ALUR,Perempuan,36935
2019,PROVINSI DKI JAKARTA,JAKARTA BARAT,KALI DERES,KAMAL,Perempuan,23066
2019,PROVINSI DKI JAKARTA,JAKARTA BARAT,KALI DERES,PEGADUNGAN,Perempuan,33217
2019,PROVINSI DKI JAKARTA,JAKARTA BARAT,PALMERAH,PALMERAH,Perempuan,28529
2019,PROVINSI DKI JAKARTA,JAKARTA BARAT,PALMERAH,SLIPI,Perempuan,7558
2019,PROVINSI DKI JAKARTA,JAKARTA BARAT,PALMERAH,KOTA BAMBU UTARA,Perempuan,11280
2019,PROVINSI DKI JAKARTA,JAKARTA BARAT,PALMERAH,JATI PULO,Perempuan,13117
2019,PROVINSI DKI JAKARTA,JAKARTA BARAT,PALMERAH,KEMANGGISAN,Perempuan,14910
2019,PROVINSI DKI JAKARTA,JAKARTA BARAT,PALMERAH,KOTA BAMBU SELATAN,Perempuan,9630
2019,PROVINSI DKI JAKARTA,JAKARTA BARAT,KEMBANGAN,KEMBANGAN UTARA,Perempuan,24047
2019,PROVINSI DKI JAKARTA,JAKARTA BARAT,KEMBANGAN,MERUYA UTARA,Perempuan,19886
2019,PROVINSI DKI JAKARTA,JAKARTA BARAT,KEMBANGAN,MERUYA SELATAN,Perempuan,14376
2019,PROVINSI DKI JAKARTA,JAKARTA BARAT,KEMBANGAN,SRENGSENG,Perempuan,20135
2019,PROVINSI DKI JAKARTA,JAKARTA BARAT,KEMBANGAN,JOGLO,Perempuan,18280
2019,PROVINSI DKI JAKARTA,JAKARTA BARAT,KEMBANGAN,KEMBANGAN SELATAN,Perempuan,12416
2019,PROVINSI DKI JAKARTA,JAKARTA SELATAN,TEBET,TEBET TIMUR,Perempuan,8833
2019,PROVINSI DKI JAKARTA,JAKARTA SELATAN,TEBET,TEBET BARAT,Perempuan,10219
2019,PROVINSI DKI JAKARTA,JAKARTA SELATAN,TEBET,MENTENG DALAM,Perempuan,16726
2019,PROVINSI DKI JAKARTA,JAKARTA SELATAN,TEBET,KEBON BARU,Perempuan,16232
2019,PROVINSI DKI JAKARTA,JAKARTA SELATAN,TEBET,BUKIT DURI,Perempuan,15802
2019,PROVINSI DKI JAKARTA,JAKARTA SELATAN,TEBET,MANGGARAI SELATAN,Perempuan,10707
2019,PROVINSI DKI JAKARTA,JAKARTA SELATAN,TEBET,MANGGARAI,Perempuan,13210
2019,PROVINSI DKI JAKARTA,JAKARTA SELATAN,SETIA BUDI,SETIA BUDI,Perempuan,1452
2019,PROVINSI DKI JAKARTA,JAKARTA SELATAN,SETIA BUDI,KARET SEMANGGI,Perempuan,1281
2019,PROVINSI DKI JAKARTA,JAKARTA SELATAN,SETIA BUDI,KARET KUNINGAN,Perempuan,7429
2019,PROVINSI DKI JAKARTA,JAKARTA SELATAN,SETIA BUDI,KARET,Perempuan,4556
2019,PROVINSI DKI JAKARTA,JAKARTA SELATAN,SETIA BUDI,MENTENG ATAS,Perempuan,13040
2019,PROVINSI DKI JAKARTA,JAKARTA SELATAN,SETIA BUDI,PASAR MANGGIS,Perempuan,12138
2019,PROVINSI DKI JAKARTA,JAKARTA SELATAN,SETIA BUDI,GUNTUR,Perempuan,1892
2019,PROVINSI DKI JAKARTA,JAKARTA SELATAN,SETIA BUDI,KUNINGAN TIMUR,Perempuan,2766
2019,PROVINSI DKI JAKARTA,JAKARTA SELATAN,MAMPANG PRAPATAN,MAMPANG PRAPATAN,Perempuan,8324
2019,PROVINSI DKI JAKARTA,JAKARTA SELATAN,MAMPANG PRAPATAN,BANGKA,Perempuan,9736
2019,PROVINSI DKI JAKARTA,JAKARTA SELATAN,MAMPANG PRAPATAN,PELA MAMPANG,Perempuan,19975
2019,PROVINSI DKI JAKARTA,JAKARTA SELATAN,MAMPANG PRAPATAN,TEGAL PARANG,Perempuan,14343
2019,PROVINSI DKI JAKARTA,JAKARTA SELATAN,MAMPANG PRAPATAN,KUNINGAN BARAT,Perempuan,5742
2019,PROVINSI DKI JAKARTA,JAKARTA SELATAN,PASAR MINGGU,PASAR MINGGU,Perempuan,11441
2019,PROVINSI DKI JAKARTA,JAKARTA SELATAN,PASAR MINGGU,JATI PADANG,Perempuan,17279
2019,PROVINSI DKI JAKARTA,JAKARTA SELATAN,PASAR MINGGU,CILANDAK TIMUR,Perempuan,11090
2019,PROVINSI DKI JAKARTA,JAKARTA SELATAN,PASAR MINGGU,RAGUNAN,Perempuan,17937
2019,PROVINSI DKI JAKARTA,JAKARTA SELATAN,PASAR MINGGU,PEJATEN TIMUR,Perempuan,26051
2019,PROVINSI DKI JAKARTA,JAKARTA SELATAN,PASAR MINGGU,PEJATEN BARAT,Perempuan,17022
2019,PROVINSI DKI JAKARTA,JAKARTA SELATAN,PASAR MINGGU,KEBAGUSAN,Perempuan,19710
2019,PROVINSI DKI JAKARTA,JAKARTA SELATAN,KEBAYORAN LAMA,KEBAYORAN LAMA UTARA,Perempuan,19292
2019,PROVINSI DKI JAKARTA,JAKARTA SELATAN,KEBAYORAN LAMA,PONDOK PINANG,Perempuan,25907
2019,PROVINSI DKI JAKARTA,JAKARTA SELATAN,KEBAYORAN LAMA,CIPULIR,Perempuan,18095
2019,PROVINSI DKI JAKARTA,JAKARTA SELATAN,KEBAYORAN LAMA,GROGOL UTARA,Perempuan,19605
2019,PROVINSI DKI JAKARTA,JAKARTA SELATAN,KEBAYORAN LAMA,GROGOL SELATAN,Perempuan,19962
2019,PROVINSI DKI JAKARTA,JAKARTA SELATAN,KEBAYORAN LAMA,KEBAYORAN LAMA SELATAN,Perempuan,18770
2019,PROVINSI DKI JAKARTA,JAKARTA SELATAN,CILANDAK,CILANDAK BARAT,Perempuan,23913
2019,PROVINSI DKI JAKARTA,JAKARTA SELATAN,CILANDAK,LEBAK BULUS,Perempuan,17054
2019,PROVINSI DKI JAKARTA,JAKARTA SELATAN,CILANDAK,PONDOK LABU,Perempuan,20872
2019,PROVINSI DKI JAKARTA,JAKARTA SELATAN,CILANDAK,GANDARIA SELATAN,Perempuan,10339
2019,PROVINSI DKI JAKARTA,JAKARTA SELATAN,CILANDAK,CIPETE SELATAN,Perempuan,12336
2019,PROVINSI DKI JAKARTA,JAKARTA SELATAN,KEBAYORAN BARU,MELAWAI,Perempuan,1365
2019,PROVINSI DKI JAKARTA,JAKARTA SELATAN,KEBAYORAN BARU,GUNUNG,Perempuan,4417
2019,PROVINSI DKI JAKARTA,JAKARTA SELATAN,KEBAYORAN BARU,KRAMAT PELA,Perempuan,6693
2019,PROVINSI DKI JAKARTA,JAKARTA SELATAN,KEBAYORAN BARU,SELONG,Perempuan,1450
2019,PROVINSI DKI JAKARTA,JAKARTA SELATAN,KEBAYORAN BARU,RAWA BARAT,Perempuan,2741
2019,PROVINSI DKI JAKARTA,JAKARTA SELATAN,KEBAYORAN BARU,SENAYAN,Perempuan,1356
2019,PROVINSI DKI JAKARTA,JAKARTA SELATAN,KEBAYORAN BARU,PULO,Perempuan,2895
2019,PROVINSI DKI JAKARTA,JAKARTA SELATAN,KEBAYORAN BARU,PETOGOGAN,Perempuan,5309
2019,PROVINSI DKI JAKARTA,JAKARTA SELATAN,KEBAYORAN BARU,GANDARIA UTARA,Perempuan,18458
2019,PROVINSI DKI JAKARTA,JAKARTA SELATAN,KEBAYORAN BARU,CIPETE UTARA,Perempuan,15454
2019,PROVINSI DKI JAKARTA,JAKARTA SELATAN,PANCORAN,PANCORAN,Perempuan,8712
2019,PROVINSI DKI JAKARTA,JAKARTA SELATAN,PANCORAN,KALIBATA,Perempuan,19087
2019,PROVINSI DKI JAKARTA,JAKARTA SELATAN,PANCORAN,RAWA JATI,Perempuan,9483
2019,PROVINSI DKI JAKARTA,JAKARTA SELATAN,PANCORAN,DUREN TIGA,Perempuan,12772
2019,PROVINSI DKI JAKARTA,JAKARTA SELATAN,PANCORAN,PENGADEGAN,Perempuan,9732
2019,PROVINSI DKI JAKARTA,JAKARTA SELATAN,PANCORAN,CIKOKO,Perempuan,4900
2019,PROVINSI DKI JAKARTA,JAKARTA SELATAN,JAGAKARSA,JAGAKARSA,Perempuan,27564
2019,PROVINSI DKI JAKARTA,JAKARTA SELATAN,JAGAKARSA,SRENGSENG SAWAH,Perempuan,25698
2019,PROVINSI DKI JAKARTA,JAKARTA SELATAN,JAGAKARSA,CIGANJUR,Perempuan,16862
2019,PROVINSI DKI JAKARTA,JAKARTA SELATAN,JAGAKARSA,LENTENG AGUNG,Perempuan,23910
2019,PROVINSI DKI JAKARTA,JAKARTA SELATAN,JAGAKARSA,TANJUNG BARAT,Perempuan,17722
2019,PROVINSI DKI JAKARTA,JAKARTA SELATAN,JAGAKARSA,CIPEDAK,Perempuan,16570
2019,PROVINSI DKI JAKARTA,JAKARTA SELATAN,PESANGGRAHAN,PESANGGRAHAN,Perempuan,12288
2019,PROVINSI DKI JAKARTA,JAKARTA SELATAN,PESANGGRAHAN,BINTARO,Perempuan,23894
2019,PROVINSI DKI JAKARTA,JAKARTA SELATAN,PESANGGRAHAN,PETUKANGAN UTARA,Perempuan,24143
2019,PROVINSI DKI JAKARTA,JAKARTA SELATAN,PESANGGRAHAN,PETUKANGAN SELATAN,Perempuan,16759
2019,PROVINSI DKI JAKARTA,JAKARTA SELATAN,PESANGGRAHAN,ULUJAMI,Perempuan,18051
2019,PROVINSI DKI JAKARTA,JAKARTA TIMUR,MATRAMAN,PISANGAN BARU,Perempuan,14557
2019,PROVINSI DKI JAKARTA,JAKARTA TIMUR,MATRAMAN,UTAN KAYU UTARA,Perempuan,13006
2019,PROVINSI DKI JAKARTA,JAKARTA TIMUR,MATRAMAN,KAYU MANIS,Perempuan,11730
2019,PROVINSI DKI JAKARTA,JAKARTA TIMUR,MATRAMAN,PAL MERIAM,Perempuan,9332
2019,PROVINSI DKI JAKARTA,JAKARTA TIMUR,MATRAMAN,KEBON MANGGIS,Perempuan,7793
2019,PROVINSI DKI JAKARTA,JAKARTA TIMUR,MATRAMAN,UTAN KAYU SELATAN,Perempuan,15583
2019,PROVINSI DKI JAKARTA,JAKARTA TIMUR,PULO GADUNG,PULO GADUNG,Perempuan,15739
2019,PROVINSI DKI JAKARTA,JAKARTA TIMUR,PULO GADUNG,PISANGAN TIMUR,Perempuan,18833
2019,PROVINSI DKI JAKARTA,JAKARTA TIMUR,PULO GADUNG,CIPINANG,Perempuan,18281
2019,PROVINSI DKI JAKARTA,JAKARTA TIMUR,PULO GADUNG,JATINEGARA KAUM,Perempuan,11110
2019,PROVINSI DKI JAKARTA,JAKARTA TIMUR,PULO GADUNG,RAWAMANGUN,Perempuan,17502
2019,PROVINSI DKI JAKARTA,JAKARTA TIMUR,PULO GADUNG,KAYU PUTIH,Perempuan,19031
2019,PROVINSI DKI JAKARTA,JAKARTA TIMUR,PULO GADUNG,JATI,Perempuan,15543
2019,PROVINSI DKI JAKARTA,JAKARTA TIMUR,JATINEGARA,KAMPUNG MELAYU,Perempuan,11248
2019,PROVINSI DKI JAKARTA,JAKARTA TIMUR,JATINEGARA,BIDARA CINA,Perempuan,17093
2019,PROVINSI DKI JAKARTA,JAKARTA TIMUR,JATINEGARA,BALI MESTER,Perempuan,4571
2019,PROVINSI DKI JAKARTA,JAKARTA TIMUR,JATINEGARA,RAWA BUNGA,Perempuan,9830
2019,PROVINSI DKI JAKARTA,JAKARTA TIMUR,JATINEGARA,CIPINANG CEMPEDAK,Perempuan,15569
2019,PROVINSI DKI JAKARTA,JAKARTA TIMUR,JATINEGARA,CIPINANG MUARA,Perempuan,25193
2019,PROVINSI DKI JAKARTA,JAKARTA TIMUR,JATINEGARA,CIPINANG BESAR SELATAN,Perempuan,15697
2019,PROVINSI DKI JAKARTA,JAKARTA TIMUR,JATINEGARA,CIPINANG BESAR UTARA,Perempuan,21003
2019,PROVINSI DKI JAKARTA,JAKARTA TIMUR,KRAMAT JATI,KRAMAT JATI,Perempuan,15519
2019,PROVINSI DKI JAKARTA,JAKARTA TIMUR,KRAMAT JATI,KAMPUNG TENGAH,Perempuan,19565
2019,PROVINSI DKI JAKARTA,JAKARTA TIMUR,KRAMAT JATI,DUKUH,Perempuan,11033
2019,PROVINSI DKI JAKARTA,JAKARTA TIMUR,KRAMAT JATI,BATU AMPAR,Perempuan,21526
2019,PROVINSI DKI JAKARTA,JAKARTA TIMUR,KRAMAT JATI,BALE KAMBANG,Perempuan,12815
2019,PROVINSI DKI JAKARTA,JAKARTA TIMUR,KRAMAT JATI,CILILITAN,Perempuan,18418
2019,PROVINSI DKI JAKARTA,JAKARTA TIMUR,KRAMAT JATI,CAWANG,Perempuan,15063
2019,PROVINSI DKI JAKARTA,JAKARTA TIMUR,PASAR REBO,GEDONG,Perempuan,16238
2019,PROVINSI DKI JAKARTA,JAKARTA TIMUR,PASAR REBO,BARU,Perempuan,10352
2019,PROVINSI DKI JAKARTA,JAKARTA TIMUR,PASAR REBO,CIJANTUNG,Perempuan,18635
2019,PROVINSI DKI JAKARTA,JAKARTA TIMUR,PASAR REBO,KALISARI,Perempuan,19160
2019,PROVINSI DKI JAKARTA,JAKARTA TIMUR,PASAR REBO,PEKAYON,Perempuan,19028
2019,PROVINSI DKI JAKARTA,JAKARTA TIMUR,CAKUNG,JATINEGARA,Perempuan,36856
2019,PROVINSI DKI JAKARTA,JAKARTA TIMUR,CAKUNG,RAWA TERATE,Perempuan,10943
2019,PROVINSI DKI JAKARTA,JAKARTA TIMUR,CAKUNG,PENGGILINGAN,Perempuan,42684
2019,PROVINSI DKI JAKARTA,JAKARTA TIMUR,CAKUNG,CAKUNG TIMUR,Perempuan,26131
2019,PROVINSI DKI JAKARTA,JAKARTA TIMUR,CAKUNG,PULO GEBANG,Perempuan,42555
2019,PROVINSI DKI JAKARTA,JAKARTA TIMUR,CAKUNG,UJUNG MENTENG,Perempuan,13268
2019,PROVINSI DKI JAKARTA,JAKARTA TIMUR,CAKUNG,CAKUNG BARAT,Perempuan,25353
2019,PROVINSI DKI JAKARTA,JAKARTA TIMUR,DUREN SAWIT,DUREN SAWIT,Perempuan,27891
2019,PROVINSI DKI JAKARTA,JAKARTA TIMUR,DUREN SAWIT,PONDOK BAMBU,Perempuan,27769
2019,PROVINSI DKI JAKARTA,JAKARTA TIMUR,DUREN SAWIT,KLENDER,Perempuan,31445
2019,PROVINSI DKI JAKARTA,JAKARTA TIMUR,DUREN SAWIT,PONDOK KELAPA,Perempuan,32556
2019,PROVINSI DKI JAKARTA,JAKARTA TIMUR,DUREN SAWIT,MALAKA SARI,Perempuan,13102
2019,PROVINSI DKI JAKARTA,JAKARTA TIMUR,DUREN SAWIT,MALAKA JAYA,Perempuan,14640
2019,PROVINSI DKI JAKARTA,JAKARTA TIMUR,DUREN SAWIT,PONDOK KOPI,Perempuan,16083
2019,PROVINSI DKI JAKARTA,JAKARTA TIMUR,MAKASAR,MAKASAR,Perempuan,15633
2019,PROVINSI DKI JAKARTA,JAKARTA TIMUR,MAKASAR,PINANG RANTI,Perempuan,11999
2019,PROVINSI DKI JAKARTA,JAKARTA TIMUR,MAKASAR,KEBON PALA,Perempuan,21119
2019,PROVINSI DKI JAKARTA,JAKARTA TIMUR,MAKASAR,HALIM PERDANA KUSUMAH,Perempuan,12721
2019,PROVINSI DKI JAKARTA,JAKARTA TIMUR,MAKASAR,CIPINANG MELAYU,Perempuan,19528
2019,PROVINSI DKI JAKARTA,JAKARTA TIMUR,CIRACAS,CIRACAS,Perempuan,28661
2019,PROVINSI DKI JAKARTA,JAKARTA TIMUR,CIRACAS,CIBUBUR,Perempuan,29648
2019,PROVINSI DKI JAKARTA,JAKARTA TIMUR,CIRACAS,KELAPA DUA WETAN,Perempuan,20950
2019,PROVINSI DKI JAKARTA,JAKARTA TIMUR,CIRACAS,SUSUKAN,Perempuan,16684
2019,PROVINSI DKI JAKARTA,JAKARTA TIMUR,CIRACAS,RAMBUTAN,Perempuan,16238
2019,PROVINSI DKI JAKARTA,JAKARTA TIMUR,CIPAYUNG,CIPAYUNG,Perempuan,11581
2019,PROVINSI DKI JAKARTA,JAKARTA TIMUR,CIPAYUNG,CILANGKAP,Perempuan,11868
2019,PROVINSI DKI JAKARTA,JAKARTA TIMUR,CIPAYUNG,PONDOK RANGGON,Perempuan,11039
2019,PROVINSI DKI JAKARTA,JAKARTA TIMUR,CIPAYUNG,MUNJUL,Perempuan,10398
2019,PROVINSI DKI JAKARTA,JAKARTA TIMUR,CIPAYUNG,SETU,Perempuan,8852
2019,PROVINSI DKI JAKARTA,JAKARTA TIMUR,CIPAYUNG,BAMBU APUS,Perempuan,11517
2019,PROVINSI DKI JAKARTA,JAKARTA TIMUR,CIPAYUNG,LUBANG BUAYA,Perempuan,28064
2019,PROVINSI DKI JAKARTA,JAKARTA TIMUR,CIPAYUNG,CEGER,Perempuan,8356
